mentor_id,mentor_name,institute_id
400001,Prachi Hussain,2
400002,Divya Arora,2
400003,Rekha Mukherjee,2
400004,Swati Chowdhury,2
400005,Anuj Pillai,2
400006,Nisha Bhattacharya,2
400007,Aadhya Sen,2
400008,Aman Ahmed,2
400009,Manish Sastry,2
400010,Aadhya Bansal,2
400011,Deepika Roy,2
400012,Asha Naidu,2
400013,Madhuri Chakraborty,2
400014,Sagar Jain,2
400015,Aishwarya Chandra,2
400016,Aidan Kapoor,2
400017,Rohan Chowdhury,2
400018,Yash Nair,2
400019,Pradeep Kapoor,2
400020,Ankur Bhattacharya,2
400021,Rahul Reddy,2
400022,Kunal Tiwari,2
400023,Anuj Roy,2
400024,Rekha Menon,2
400025,Priya Dutta,2
