parent_id,parent_name,student_id,institute_id
500001,Sunita Roy,200001,2
500002,Tanvi Dutta,200002,2
500003,Sunita Ghosh,200003,2
500004,Varsha Bhattacharya,200004,2
500005,Seema Goel,200005,2
500006,Divya Bose,200006,2
500007,Bhavana Gupta,200007,2
500008,Aman Sinha,200008,2
500009,Nikita Shah,200009,2
500010,Rani Nair,200010,2
500011,Radha Sharma,200011,2
500012,Sneha Arora,200012,2
500013,Dhruv Pillai,200013,2
500014,Sagar Chandra,200014,2
500015,Ajay Tiwari,200015,2
500016,Lakshmi Bansal,200016,2
500017,Gaurav Das,200017,2
500018,Sneha Iyer,200018,2
500019,Pallavi Ghosh,200019,2
500020,Kiara Ghosh,200020,2
500021,Rohan Singh,200021,2
500022,Aryan Rao,200022,2
500023,Krishna Reddy,200023,2
500024,Pradeep Ghosh,200024,2
500025,Aparna Pillai,200025,2
500026,Yash Joshi,200026,2
500027,Sonal Sen,200027,2
500028,Aditi Mukherjee,200028,2
500029,Pradeep Mishra,200029,2
500030,Kunal Bose,200030,2
500031,Aarav Patel,200031,2
500032,Dinesh Khan,200032,2
500033,Ananya Sharma,200033,2
500034,Aditya Chakraborty,200034,2
500035,Aanya Das,200035,2
500036,Prachi Prasad,200036,2
500037,Priya Prasad,200037,2
500038,Neha Reddy,200038,2
500039,Tushar Chandra,200039,2
500040,Sagar Hussain,200040,2
500041,Riya Hussain,200041,2
500042,Akshay Ansari,200042,2
500043,Aryan Nair,200043,2
500044,Kavita Khan,200044,2
500045,Preeti Ahmed,200045,2
500046,Deepika Bansal,200046,2
500047,Amit Prasad,200047,2
500048,Meera Iyer,200048,2
500049,Aidan Gupta,200049,2
500050,Aadhya Jain,200050,2
500051,Rohan Bhattacharya,200051,2
500052,Rohan Bansal,200052,2
500053,Tanvi Bhattacharya,200053,2
500054,Kiara Agarwal,200054,2
500055,Ashish Gupta,200055,2
500056,Preeti Mukherjee,200056,2
500057,Gaurav Ghosh,200057,2
500058,Ankur Roy,200058,2
500059,Amit Sastry,200059,2
500060,Prachi Prasad,200060,2
500061,Simran Goel,200061,2
500062,Aishwarya Sastry,200062,2
500063,Sunita Bansal,200063,2
500064,Varsha Ansari,200064,2
500065,Gaurav Sharma,200065,2
500066,Simran Mittal,200066,2
500067,Sonal Tiwari,200067,2
500068,Preeti Iyer,200068,2
500069,Vishal Tiwari,200069,2
500070,Archana Bansal,200070,2
500071,Gaurav Aggarwal,200071,2
500072,Deepika Patel,200072,2
500073,Rekha Ali,200073,2
500074,Rekha Bhattacharya,200074,2
500075,Nikita Verma,200075,2
500076,Ashish Prasad,200076,2
500077,Kavita Kumar,200077,2
500078,Ananya Pillai,200078,2
500079,Riya Bansal,200079,2
500080,Simran Sharma,200080,2
500081,Radha Shah,200081,2
500082,Lakshmi Roy,200082,2
500083,Rashmi Chandra,200083,2
500084,Rajesh Pillai,200084,2
500085,Krishna Aggarwal,200085,2
500086,Nikhil Chopra,200086,2
500087,Urmila Nair,200087,2
500088,Anand Verma,200088,2
500089,Dinesh Agarwal,200089,2
500090,Varun Pillai,200090,2
500091,Anushka Chowdhury,200091,2
500092,Akash Agarwal,200092,2
500093,Garima Gupta,200093,2
500094,Krishna Reddy,200094,2
500095,Kavita Bhattacharya,200095,2
500096,Aidan Chopra,200096,2
500097,Prachi Patel,200097,2
500098,Vishal Verma,200098,2
500099,Abhishek Agarwal,200099,2
500100,Ashish Iyer,200100,2
500101,Archana Mittal,200101,2
500102,Vidya Chakraborty,200102,2
500103,Abhishek Joshi,200103,2
500104,Aman Ghosh,200104,2
500105,Divya Varma,200105,2
500106,Sidharth Sinha,200106,2
500107,Anuj Joshi,200107,2
500108,Rajesh Mishra,200108,2
500109,Anuj Mukherjee,200109,2
500110,Priya Bose,200110,2
500111,Neha Varma,200111,2
500112,Rekha Aggarwal,200112,2
500113,Kavita Pandey,200113,2
500114,Harsh Ghosh,200114,2
500115,Atul Bansal,200115,2
500116,Amit Singh,200116,2
500117,Aryan Patel,200117,2
500118,Bhavana Bansal,200118,2
500119,Krishna Ansari,200119,2
500120,Nisha Pandey,200120,2
500121,Atul Mukherjee,200121,2
500122,Rekha Shah,200122,2
500123,Pallavi Kapoor,200123,2
500124,Aparna Gupta,200124,2
500125,Divya Iyer,200125,2
500126,Pradeep Kumar,200126,2
500127,Aidan Goel,200127,2
500128,Garima Roy,200128,2
500129,Kavita Iyer,200129,2
500130,Sakshi Jain,200130,2
500131,Ritu Khan,200131,2
500132,Kavita Pandey,200132,2
500133,Aarav Chopra,200133,2
500134,Rekha Verma,200134,2
500135,Prachi Bansal,200135,2
500136,Arjun Aggarwal,200136,2
500137,Meera Arora,200137,2
500138,Rohan Gupta,200138,2
500139,Aditya Reddy,200139,2
500140,Vidya Reddy,200140,2
500141,Aadhya Patel,200141,2
500142,Shweta Bose,200142,2
500143,Dhruv Bansal,200143,2
500144,Manisha Sastry,200144,2
500145,Sunita Iyer,200145,2
500146,Rohit Ansari,200146,2
500147,Sanjay Ahmed,200147,2
500148,Swati Hussain,200148,2
500149,Aditi Joshi,200149,2
500150,Aanya Menon,200150,2
500151,Shreyas Menon,200151,2
500152,Varsha Bhattacharya,200152,2
500153,Manish Chandra,200153,2
500154,Sagar Goel,200154,2
500155,Aparna Gupta,200155,2
500156,Akshay Chandra,200156,2
500157,Rashmi Goel,200157,2
500158,Tushar Mehta,200158,2
500159,Gaurav Das,200159,2
500160,Rajesh Agarwal,200160,2
500161,Ananya Kumar,200161,2
500162,Swati Dutta,200162,2
500163,Aanya Bose,200163,2
500164,Shweta Sinha,200164,2
500165,Sidharth Chandra,200165,2
500166,Varun Sastry,200166,2
500167,Shweta Shah,200167,2
500168,Raj Sen,200168,2
500169,Garima Dutta,200169,2
500170,Aarav Naidu,200170,2
500171,Anushka Mishra,200171,2
500172,Shreyas Sharma,200172,2
500173,Arjun Ali,200173,2
500174,Divya Sastry,200174,2
500175,Kavita Goel,200175,2
500176,Divya Pillai,200176,2
500177,Deepak Chopra,200177,2
500178,Archana Hussain,200178,2
500179,Nikita Dutta,200179,2
500180,Aman Bansal,200180,2
500181,Aarav Aggarwal,200181,2
500182,Hemant Ansari,200182,2
500183,Garima Shah,200183,2
500184,Prachi Shah,200184,2
500185,Sonal Shah,200185,2
500186,Kavita Prasad,200186,2
500187,Anushka Yadav,200187,2
500188,Pradeep Malhotra,200188,2
500189,Kavya Dutta,200189,2
500190,Preeti Sharma,200190,2
500191,Aman Chopra,200191,2
500192,Nikhil Chopra,200192,2
500193,Shreyas Hussain,200193,2
500194,Aanya Mishra,200194,2
500195,Seema Pillai,200195,2
500196,Suresh Ansari,200196,2
500197,Kiara Chopra,200197,2
500198,Abhishek Rao,200198,2
500199,Shweta Chandra,200199,2
500200,Dinesh Mehta,200200,2
500201,Tanvi Ansari,200201,2
500202,Rani Pandey,200202,2
500203,Kavya Gupta,200203,2
500204,Sagar Arora,200204,2
500205,Vinay Yadav,200205,2
500206,Akshay Reddy,200206,2
500207,Rekha Ali,200207,2
500208,Manish Ghosh,200208,2
500209,Arjun Patel,200209,2
500210,Vishal Jain,200210,2
500211,Sneha Sen,200211,2
500212,Asha Prasad,200212,2
500213,Aditya Pandey,200213,2
500214,Kunal Dutta,200214,2
500215,Neha Gupta,200215,2
500216,Akash Tiwari,200216,2
500217,Anuj Goel,200217,2
500218,Deepika Mittal,200218,2
500219,Rekha Kumar,200219,2
500220,Anjali Roy,200220,2
500221,Ritu Tiwari,200221,2
500222,Aanya Sharma,200222,2
500223,Pooja Malhotra,200223,2
500224,Arjun Chakraborty,200224,2
500225,Rahul Shah,200225,2
500226,Karan Ansari,200226,2
500227,Pooja Shah,200227,2
500228,Vinay Kapoor,200228,2
500229,Gaurav Singh,200229,2
500230,Nikita Hussain,200230,2
500231,Atul Sen,200231,2
500232,Tanvi Sastry,200232,2
500233,Archana Iyer,200233,2
500234,Kunal Menon,200234,2
500235,Akshay Mishra,200235,2
500236,Ritu Singh,200236,2
500237,Aman Patel,200237,2
500238,Anand Mukherjee,200238,2
500239,Shreyas Reddy,200239,2
500240,Swati Patel,200240,2
500241,Divya Chandra,200241,2
500242,Amit Mishra,200242,2
500243,Avinash Varma,200243,2
500244,Aditya Sharma,200244,2
500245,Kiara Ahmed,200245,2
500246,Ashish Ali,200246,2
500247,Rohan Agarwal,200247,2
500248,Uma Ahmed,200248,2
500249,Sidharth Sen,200249,2
500250,Akash Pillai,200250,2
500251,Abhishek Sastry,200251,2
500252,Kavya Chakraborty,200252,2
500253,Priya Jain,200253,2
500254,Urmila Menon,200254,2
500255,Meera Aggarwal,200255,2
500256,Atul Menon,200256,2
500257,Aparna Sinha,200257,2
500258,Aadhya Shah,200258,2
500259,Urmila Arora,200259,2
500260,Nisha Jain,200260,2
500261,Ajay Chandra,200261,2
500262,Akshay Aggarwal,200262,2
500263,Atul Gupta,200263,2
500264,Harsh Ali,200264,2
500265,Deepak Kumar,200265,2
500266,Bhavana Kapoor,200266,2
500267,Asha Bhattacharya,200267,2
500268,Ajay Kapoor,200268,2
500269,Anuj Agarwal,200269,2
500270,Archana Mishra,200270,2
500271,Sagar Bansal,200271,2
500272,Deepak Varma,200272,2
500273,Rahul Pandey,200273,2
500274,Rani Sastry,200274,2
500275,Sakshi Sastry,200275,2
500276,Aditya Bansal,200276,2
500277,Raj Yadav,200277,2
500278,Akshay Sastry,200278,2
500279,Sidharth Roy,200279,2
500280,Riya Singh,200280,2
500281,Aadhya Pillai,200281,2
500282,Divya Singh,200282,2
500283,Dinesh Ghosh,200283,2
500284,Kiara Menon,200284,2
500285,Krishna Bansal,200285,2
500286,Meera Malhotra,200286,2
500287,Shweta Agarwal,200287,2
500288,Seema Chakraborty,200288,2
500289,Vishal Ghosh,200289,2
500290,Nikita Varma,200290,2
500291,Sagar Arora,200291,2
500292,Simran Nair,200292,2
500293,Divya Mukherjee,200293,2
500294,Sagar Jain,200294,2
500295,Hemant Aggarwal,200295,2
500296,Rani Mehta,200296,2
500297,Ankit Mittal,200297,2
500298,Sunita Goel,200298,2
500299,Kartik Sastry,200299,2
500300,Ritu Iyer,200300,2
500301,Aman Bhattacharya,200301,2
500302,Harsh Joshi,200302,2
500303,Lakshmi Hussain,200303,2
500304,Aditya Roy,200304,2
500305,Aryan Sharma,200305,2
500306,Shweta Chowdhury,200306,2
500307,Uma Mishra,200307,2
500308,Shreyas Arora,200308,2
500309,Anand Ahmed,200309,2
500310,Preeti Hussain,200310,2
500311,Madhuri Chowdhury,200311,2
500312,Urmila Arora,200312,2
500313,Kavita Sinha,200313,2
500314,Archana Nair,200314,2
500315,Vidya Arora,200315,2
500316,Manish Gupta,200316,2
500317,Priya Mukherjee,200317,2
500318,Varun Mishra,200318,2
500319,Kritika Pillai,200319,2
500320,Anuj Kumar,200320,2
500321,Vinay Jain,200321,2
500322,Rohan Gupta,200322,2
500323,Sanjay Menon,200323,2
500324,Anand Naidu,200324,2
500325,Pallavi Jain,200325,2
500326,Dinesh Kapoor,200326,2
500327,Rahul Patel,200327,2
500328,Karan Agarwal,200328,2
500329,Asha Mittal,200329,2
500330,Kiara Verma,200330,2
500331,Lakshmi Prasad,200331,2
500332,Amit Goel,200332,2
500333,Aidan Mukherjee,200333,2
500334,Swati Chopra,200334,2
500335,Sidharth Kapoor,200335,2
500336,Prachi Patel,200336,2
500337,Suresh Chandra,200337,2
500338,Vinay Mittal,200338,2
500339,Rohit Chowdhury,200339,2
500340,Priya Hussain,200340,2
500341,Tanvi Chowdhury,200341,2
500342,Advik Ali,200342,2
500343,Aditya Bhattacharya,200343,2
500344,Akshay Mittal,200344,2
500345,Avinash Chopra,200345,2
500346,Dinesh Gupta,200346,2
500347,Devesh Kapoor,200347,2
500348,Arjun Joshi,200348,2
500349,Ananya Sastry,200349,2
500350,Kritika Prasad,200350,2
500351,Aidan Shah,200351,2
500352,Rahul Rao,200352,2
500353,Manisha Pillai,200353,2
500354,Anuj Kumar,200354,2
500355,Shreyas Nair,200355,2
500356,Ashish Reddy,200356,2
500357,Varun Malhotra,200357,2
500358,Archana Verma,200358,2
500359,Dhruv Kumar,200359,2
500360,Rohan Patel,200360,2
500361,Kritika Chowdhury,200361,2
500362,Kartik Khan,200362,2
500363,Sakshi Chopra,200363,2
500364,Sagar Pillai,200364,2
500365,Abhishek Das,200365,2
500366,Pooja Goel,200366,2
500367,Deepak Ansari,200367,2
500368,Devesh Iyer,200368,2
500369,Rani Ansari,200369,2
500370,Anushka Chandra,200370,2
500371,Anuj Jain,200371,2
500372,Gaurav Ali,200372,2
500373,Vikash Mukherjee,200373,2
500374,Aparna Chandra,200374,2
500375,Akash Chakraborty,200375,2
500376,Varun Mehta,200376,2
500377,Harsh Singh,200377,2
500378,Harsh Dutta,200378,2
500379,Nikhil Chakraborty,200379,2
500380,Karan Goel,200380,2
500381,Tanvi Jain,200381,2
500382,Aidan Pillai,200382,2
500383,Kiara Jain,200383,2
500384,Anuj Rao,200384,2
500385,Tushar Bansal,200385,2
500386,Anjali Pillai,200386,2
500387,Dinesh Hussain,200387,2
500388,Shreya Chopra,200388,2
500389,Prachi Sharma,200389,2
500390,Girish Agarwal,200390,2
500391,Hemant Sastry,200391,2
500392,Deepak Sharma,200392,2
500393,Manish Chopra,200393,2
500394,Amit Chowdhury,200394,2
500395,Shreyas Patel,200395,2
500396,Swati Varma,200396,2
500397,Ananya Rao,200397,2
500398,Deepak Bansal,200398,2
500399,Pooja Nair,200399,2
500400,Suresh Varma,200400,2
500401,Seema Joshi,200401,2
500402,Divya Verma,200402,2
500403,Yash Sastry,200403,2
500404,Neha Roy,200404,2
500405,Aryan Malhotra,200405,2
500406,Sonal Prasad,200406,2
500407,Manish Nair,200407,2
500408,Aditi Bose,200408,2
500409,Shreya Sharma,200409,2
500410,Yash Singh,200410,2
500411,Akshay Goel,200411,2
500412,Raj Yadav,200412,2
500413,Anushka Reddy,200413,2
500414,Sunita Bansal,200414,2
500415,Rani Bhattacharya,200415,2
500416,Harsh Menon,200416,2
500417,Kartik Bose,200417,2
500418,Manish Reddy,200418,2
500419,Rahul Tiwari,200419,2
500420,Vinay Nair,200420,2
500421,Vikash Khan,200421,2
500422,Aditya Mukherjee,200422,2
500423,Rohan Kapoor,200423,2
500424,Rohan Sinha,200424,2
500425,Vidya Yadav,200425,2
500426,Hemant Prasad,200426,2
500427,Arjun Kumar,200427,2
500428,Kartik Singh,200428,2
500429,Rajesh Goel,200429,2
500430,Vikash Chakraborty,200430,2
500431,Karan Rao,200431,2
500432,Aparna Malhotra,200432,2
500433,Sneha Aggarwal,200433,2
500434,Raj Khan,200434,2
500435,Tushar Varma,200435,2
500436,Rajesh Mittal,200436,2
500437,Aryan Naidu,200437,2
500438,Aryan Chowdhury,200438,2
500439,Vidya Naidu,200439,2
500440,Preeti Chopra,200440,2
500441,Rekha Tiwari,200441,2
500442,Advik Aggarwal,200442,2
500443,Seema Khan,200443,2
500444,Rahul Ahmed,200444,2
500445,Kiara Patel,200445,2
500446,Shweta Goel,200446,2
500447,Sanjay Gupta,200447,2
500448,Neha Rao,200448,2
500449,Divya Yadav,200449,2
500450,Seema Joshi,200450,2
500451,Avinash Iyer,200451,2
500452,Deepak Naidu,200452,2
500453,Prachi Dutta,200453,2
500454,Krishna Arora,200454,2
500455,Akshay Verma,200455,2
500456,Rani Tiwari,200456,2
500457,Meera Joshi,200457,2
500458,Hemant Mehta,200458,2
500459,Rahul Aggarwal,200459,2
500460,Kartik Mishra,200460,2
500461,Sanjay Prasad,200461,2
500462,Ankur Chowdhury,200462,2
500463,Aditi Joshi,200463,2
500464,Krishna Aggarwal,200464,2
500465,Dhruv Kapoor,200465,2
500466,Kavya Chakraborty,200466,2
500467,Urmila Pandey,200467,2
500468,Rajesh Ahmed,200468,2
500469,Aryan Patel,200469,2
500470,Anand Khan,200470,2
500471,Sunita Ghosh,200471,2
500472,Varun Singh,200472,2
500473,Harsh Chandra,200473,2
500474,Aditya Naidu,200474,2
500475,Sidharth Kapoor,200475,2
500476,Rajesh Varma,200476,2
500477,Kritika Gupta,200477,2
500478,Aditi Ahmed,200478,2
500479,Amit Hussain,200479,2
500480,Seema Pandey,200480,2
500481,Archana Ghosh,200481,2
500482,Shweta Sen,200482,2
500483,Aarav Malhotra,200483,2
500484,Advik Sharma,200484,2
500485,Nikhil Ansari,200485,2
500486,Asha Sen,200486,2
500487,Yash Chakraborty,200487,2
500488,Harsh Chowdhury,200488,2
500489,Prachi Mukherjee,200489,2
500490,Madhuri Ahmed,200490,2
500491,Varsha Shah,200491,2
500492,Aadhya Prasad,200492,2
500493,Rajesh Reddy,200493,2
500494,Bhavana Singh,200494,2
500495,Kunal Sinha,200495,2
500496,Ankit Chakraborty,200496,2
500497,Archana Dutta,200497,2
500498,Kritika Mehta,200498,2
500499,Sunita Mukherjee,200499,2
500500,Aanya Chandra,200500,2
500501,Girish Menon,200501,2
500502,Ashish Ahmed,200502,2
500503,Dhruv Sinha,200503,2
500504,Aman Aggarwal,200504,2
500505,Meera Mishra,200505,2
500506,Rekha Kumar,200506,2
500507,Karan Gupta,200507,2
500508,Bhavana Chakraborty,200508,2
500509,Ritu Gupta,200509,2
500510,Aishwarya Sharma,200510,2
500511,Lakshmi Roy,200511,2
500512,Riya Pillai,200512,2
500513,Tushar Chowdhury,200513,2
500514,Ankit Ali,200514,2
500515,Rohit Ansari,200515,2
500516,Aidan Arora,200516,2
500517,Tushar Kapoor,200517,2
500518,Rani Iyer,200518,2
500519,Girish Sharma,200519,2
500520,Deepika Naidu,200520,2
500521,Anjali Pandey,200521,2
500522,Anand Malhotra,200522,2
500523,Karan Mishra,200523,2
500524,Ananya Pillai,200524,2
500525,Rohit Bhattacharya,200525,2
500526,Sidharth Rao,200526,2
500527,Riya Hussain,200527,2
500528,Abhishek Kapoor,200528,2
500529,Neha Ali,200529,2
500530,Ankit Aggarwal,200530,2
500531,Tanvi Agarwal,200531,2
500532,Shweta Arora,200532,2
500533,Nikita Aggarwal,200533,2
500534,Kavita Sen,200534,2
500535,Rohan Gupta,200535,2
500536,Gaurav Varma,200536,2
500537,Vidya Ahmed,200537,2
500538,Akash Patel,200538,2
500539,Sakshi Chowdhury,200539,2
500540,Yash Singh,200540,2
500541,Uma Chandra,200541,2
500542,Krishna Joshi,200542,2
500543,Advik Khan,200543,2
500544,Madhuri Chandra,200544,2
500545,Rajesh Hussain,200545,2
500546,Shweta Prasad,200546,2
500547,Shweta Sastry,200547,2
500548,Tanvi Varma,200548,2
500549,Anushka Chakraborty,200549,2
500550,Deepika Dutta,200550,2
500551,Urmila Nair,200551,2
500552,Aryan Mishra,200552,2
500553,Krishna Sharma,200553,2
500554,Uma Prasad,200554,2
500555,Avinash Arora,200555,2
500556,Avinash Ansari,200556,2
500557,Krishna Ansari,200557,2
500558,Hemant Pillai,200558,2
500559,Uma Sen,200559,2
500560,Rohan Prasad,200560,2
500561,Vikash Mukherjee,200561,2
500562,Rajesh Rao,200562,2
500563,Sanjay Hussain,200563,2
500564,Aanya Varma,200564,2
500565,Garima Ali,200565,2
500566,Kunal Sen,200566,2
500567,Tushar Sinha,200567,2
500568,Manish Sastry,200568,2
500569,Aparna Aggarwal,200569,2
500570,Akshay Sen,200570,2
500571,Krishna Agarwal,200571,2
500572,Rekha Sastry,200572,2
500573,Aryan Chowdhury,200573,2
500574,Prachi Sharma,200574,2
500575,Rajesh Chandra,200575,2
500576,Swati Naidu,200576,2
500577,Rohit Sastry,200577,2
500578,Anushka Sen,200578,2
500579,Uma Nair,200579,2
500580,Rekha Rao,200580,2
500581,Dhruv Agarwal,200581,2
500582,Riya Patel,200582,2
500583,Hemant Arora,200583,2
500584,Uma Mishra,200584,2
500585,Karan Arora,200585,2
500586,Rashmi Dutta,200586,2
500587,Harsh Chandra,200587,2
500588,Sonal Mittal,200588,2
500589,Advik Chopra,200589,2
500590,Seema Mehta,200590,2
500591,Aarav Sastry,200591,2
500592,Varsha Iyer,200592,2
500593,Anjali Singh,200593,2
500594,Girish Nair,200594,2
500595,Aman Verma,200595,2
500596,Abhishek Mishra,200596,2
500597,Akash Kumar,200597,2
500598,Sunita Singh,200598,2
500599,Anushka Joshi,200599,2
500600,Dinesh Pandey,200600,2
500601,Sanjay Menon,200601,2
500602,Aditya Chakraborty,200602,2
500603,Vishal Das,200603,2
500604,Aishwarya Bansal,200604,2
500605,Deepak Reddy,200605,2
500606,Aditya Mittal,200606,2
500607,Aanya Roy,200607,2
500608,Sakshi Sinha,200608,2
500609,Rashmi Chopra,200609,2
500610,Atul Das,200610,2
500611,Deepak Iyer,200611,2
500612,Kavita Jain,200612,2
500613,Pradeep Sharma,200613,2
500614,Dinesh Roy,200614,2
500615,Rani Singh,200615,2
500616,Vinay Chowdhury,200616,2
500617,Hemant Ansari,200617,2
500618,Aanya Iyer,200618,2
500619,Anjali Arora,200619,2
500620,Devesh Ghosh,200620,2
500621,Amit Jain,200621,2
500622,Priya Khan,200622,2
500623,Devesh Yadav,200623,2
500624,Archana Ghosh,200624,2
500625,Sanjay Agarwal,200625,2
500626,Ashish Naidu,200626,2
500627,Amit Sinha,200627,2
500628,Aarav Nair,200628,2
500629,Gaurav Hussain,200629,2
500630,Lakshmi Bose,200630,2
500631,Bhavana Ghosh,200631,2
500632,Swati Bhattacharya,200632,2
500633,Rani Shah,200633,2
500634,Dhruv Das,200634,2
500635,Akshay Dutta,200635,2
500636,Nikita Goel,200636,2
500637,Deepak Chopra,200637,2
500638,Ananya Bansal,200638,2
500639,Neha Bose,200639,2
500640,Anand Pillai,200640,2
500641,Neha Singh,200641,2
500642,Sagar Kapoor,200642,2
500643,Archana Iyer,200643,2
500644,Swati Patel,200644,2
500645,Sanjay Ali,200645,2
500646,Kavita Bose,200646,2
500647,Avinash Kumar,200647,2
500648,Ashish Rao,200648,2
500649,Sidharth Chandra,200649,2
500650,Anand Rao,200650,2
500651,Karan Chakraborty,200651,2
500652,Divya Bhattacharya,200652,2
500653,Ritu Roy,200653,2
500654,Kritika Hussain,200654,2
500655,Kritika Dutta,200655,2
500656,Ankit Bose,200656,2
500657,Varun Naidu,200657,2
500658,Rekha Sharma,200658,2
500659,Kritika Bhattacharya,200659,2
500660,Ritu Sharma,200660,2
500661,Nisha Chandra,200661,2
500662,Rashmi Naidu,200662,2
500663,Sanjay Mukherjee,200663,2
500664,Rajesh Roy,200664,2
500665,Rajesh Chakraborty,200665,2
500666,Aarav Reddy,200666,2
500667,Raj Dutta,200667,2
500668,Amit Sastry,200668,2
500669,Avinash Mehta,200669,2
500670,Pooja Naidu,200670,2
500671,Amit Iyer,200671,2
500672,Aadhya Ansari,200672,2
500673,Swati Das,200673,2
500674,Ankur Goel,200674,2
500675,Uma Bansal,200675,2
500676,Tushar Varma,200676,2
500677,Aman Bhattacharya,200677,2
500678,Manish Bhattacharya,200678,2
500679,Shreya Hussain,200679,2
500680,Vikash Chandra,200680,2
500681,Lakshmi Pillai,200681,2
500682,Swati Sharma,200682,2
500683,Arjun Gupta,200683,2
500684,Aditi Sinha,200684,2
500685,Akshay Dutta,200685,2
500686,Preeti Sinha,200686,2
500687,Sonal Joshi,200687,2
500688,Kunal Sinha,200688,2
500689,Ritu Prasad,200689,2
500690,Ajay Verma,200690,2
500691,Priya Das,200691,2
500692,Seema Gupta,200692,2
500693,Anushka Yadav,200693,2
500694,Harsh Dutta,200694,2
500695,Sakshi Nair,200695,2
500696,Kavya Dutta,200696,2
500697,Advik Prasad,200697,2
500698,Meera Nair,200698,2
500699,Abhishek Kumar,200699,2
500700,Sneha Prasad,200700,2
500701,Rani Dutta,200701,2
500702,Abhishek Bhattacharya,200702,2
500703,Sonal Roy,200703,2
500704,Arjun Pandey,200704,2
500705,Sidharth Ali,200705,2
500706,Ajay Dutta,200706,2
500707,Manisha Chakraborty,200707,2
500708,Rajesh Varma,200708,2
500709,Ankur Rao,200709,2
500710,Rahul Singh,200710,2
500711,Aanya Sastry,200711,2
500712,Seema Nair,200712,2
500713,Preeti Prasad,200713,2
500714,Manisha Ghosh,200714,2
500715,Advik Naidu,200715,2
500716,Ashish Mittal,200716,2
500717,Hemant Ali,200717,2
500718,Radha Mittal,200718,2
500719,Garima Chakraborty,200719,2
500720,Shreya Chandra,200720,2
500721,Kavya Jain,200721,2
500722,Vidya Joshi,200722,2
500723,Aditya Aggarwal,200723,2
500724,Ankur Dutta,200724,2
500725,Rashmi Mehta,200725,2
500726,Varun Bhattacharya,200726,2
500727,Nikhil Iyer,200727,2
500728,Karan Verma,200728,2
500729,Garima Dutta,200729,2
500730,Preeti Mukherjee,200730,2
500731,Nikhil Nair,200731,2
500732,Vinay Chopra,200732,2
500733,Urmila Mehta,200733,2
500734,Nikhil Chakraborty,200734,2
500735,Archana Mehta,200735,2
500736,Vikash Khan,200736,2
500737,Radha Reddy,200737,2
500738,Ajay Roy,200738,2
500739,Rani Sen,200739,2
500740,Aanya Prasad,200740,2
500741,Seema Roy,200741,2
500742,Madhuri Mehta,200742,2
500743,Devesh Tiwari,200743,2
500744,Ankur Bose,200744,2
500745,Ankit Mukherjee,200745,2
500746,Divya Singh,200746,2
500747,Tushar Khan,200747,2
500748,Urmila Aggarwal,200748,2
500749,Aditi Verma,200749,2
500750,Kiara Iyer,200750,2
500751,Anushka Pandey,200751,2
500752,Shreya Patel,200752,2
500753,Pooja Arora,200753,2
500754,Dhruv Ahmed,200754,2
500755,Rahul Prasad,200755,2
500756,Rohan Mukherjee,200756,2
500757,Harsh Pillai,200757,2
500758,Pooja Gupta,200758,2
500759,Abhishek Mittal,200759,2
500760,Anuj Varma,200760,2
500761,Krishna Ansari,200761,2
500762,Aidan Ansari,200762,2
500763,Garima Ghosh,200763,2
500764,Vidya Chakraborty,200764,2
500765,Anuj Chandra,200765,2
500766,Tanvi Singh,200766,2
500767,Girish Mukherjee,200767,2
500768,Kartik Reddy,200768,2
500769,Harsh Bose,200769,2
500770,Rashmi Chopra,200770,2
500771,Nikhil Sen,200771,2
500772,Rekha Singh,200772,2
500773,Shweta Chandra,200773,2
500774,Seema Das,200774,2
500775,Meera Tiwari,200775,2
500776,Arjun Roy,200776,2
500777,Sonal Mishra,200777,2
500778,Swati Rao,200778,2
500779,Preeti Chandra,200779,2
500780,Radha Pandey,200780,2
500781,Garima Bose,200781,2
500782,Kunal Prasad,200782,2
500783,Amit Chowdhury,200783,2
500784,Prachi Sharma,200784,2
500785,Aarav Gupta,200785,2
500786,Aryan Tiwari,200786,2
500787,Aishwarya Mehta,200787,2
500788,Aman Aggarwal,200788,2
500789,Ajay Shah,200789,2
500790,Pooja Kumar,200790,2
500791,Aarav Pandey,200791,2
500792,Simran Gupta,200792,2
500793,Aditya Rao,200793,2
500794,Tanvi Ali,200794,2
500795,Ankur Patel,200795,2
500796,Nikita Joshi,200796,2
500797,Rani Chandra,200797,2
500798,Deepika Roy,200798,2
500799,Rohit Das,200799,2
500800,Preeti Joshi,200800,2
500801,Deepika Ali,200801,2
500802,Arjun Reddy,200802,2
500803,Rahul Joshi,200803,2
500804,Aman Chakraborty,200804,2
500805,Avinash Khan,200805,2
500806,Dinesh Jain,200806,2
500807,Aman Jain,200807,2
500808,Yash Bansal,200808,2
500809,Aditya Tiwari,200809,2
500810,Akash Nair,200810,2
500811,Amit Chakraborty,200811,2
500812,Rohan Goel,200812,2
500813,Divya Kapoor,200813,2
500814,Priya Sharma,200814,2
500815,Hemant Mukherjee,200815,2
500816,Sunita Khan,200816,2
500817,Akshay Ghosh,200817,2
500818,Avinash Yadav,200818,2
500819,Shreya Pandey,200819,2
500820,Ritu Reddy,200820,2
500821,Simran Jain,200821,2
500822,Deepika Bhattacharya,200822,2
500823,Manish Bansal,200823,2
500824,Suresh Ansari,200824,2
500825,Rani Sastry,200825,2
500826,Deepak Patel,200826,2
500827,Ananya Sen,200827,2
500828,Atul Das,200828,2
500829,Ajay Mukherjee,200829,2
500830,Aman Ghosh,200830,2
500831,Devesh Das,200831,2
500832,Vinay Varma,200832,2
500833,Advik Pandey,200833,2
500834,Avinash Bansal,200834,2
500835,Dinesh Menon,200835,2
500836,Anand Ahmed,200836,2
500837,Pooja Sastry,200837,2
500838,Aditya Tiwari,200838,2
500839,Vikash Sen,200839,2
500840,Harsh Chopra,200840,2
500841,Aparna Reddy,200841,2
500842,Vinay Dutta,200842,2
500843,Manish Sen,200843,2
500844,Meera Menon,200844,2
500845,Sidharth Ahmed,200845,2
500846,Ritu Ali,200846,2
500847,Kritika Chopra,200847,2
500848,Neha Aggarwal,200848,2
500849,Vinay Mishra,200849,2
500850,Madhuri Bhattacharya,200850,2
500851,Vidya Khan,200851,2
500852,Avinash Das,200852,2
500853,Aadhya Malhotra,200853,2
500854,Sagar Kumar,200854,2
500855,Akash Mishra,200855,2
500856,Akshay Sinha,200856,2
500857,Seema Chakraborty,200857,2
500858,Preeti Shah,200858,2
500859,Sidharth Khan,200859,2
500860,Bhavana Chandra,200860,2
500861,Arjun Bansal,200861,2
500862,Ankur Hussain,200862,2
500863,Arjun Reddy,200863,2
500864,Preeti Ahmed,200864,2
500865,Vikash Arora,200865,2
500866,Aidan Gupta,200866,2
500867,Seema Sen,200867,2
500868,Varsha Naidu,200868,2
500869,Sunita Bose,200869,2
500870,Priya Naidu,200870,2
500871,Anuj Ali,200871,2
500872,Kavita Bose,200872,2
500873,Garima Aggarwal,200873,2
500874,Ananya Hussain,200874,2
500875,Devesh Sharma,200875,2
500876,Nikita Aggarwal,200876,2
500877,Aparna Verma,200877,2
500878,Asha Ghosh,200878,2
500879,Pradeep Chopra,200879,2
500880,Deepak Bhattacharya,200880,2
500881,Advik Ansari,200881,2
500882,Ajay Bhattacharya,200882,2
500883,Hemant Ahmed,200883,2
500884,Kavita Sharma,200884,2
500885,Kunal Arora,200885,2
500886,Meera Varma,200886,2
500887,Akash Prasad,200887,2
500888,Aarav Bhattacharya,200888,2
500889,Simran Verma,200889,2
500890,Ankur Chandra,200890,2
500891,Anushka Sinha,200891,2
500892,Aryan Iyer,200892,2
500893,Aditya Bansal,200893,2
500894,Ankit Kapoor,200894,2
500895,Ankit Naidu,200895,2
500896,Rekha Ghosh,200896,2
500897,Akash Shah,200897,2
500898,Ankit Shah,200898,2
500899,Rashmi Patel,200899,2
500900,Avinash Gupta,200900,2
500901,Abhishek Ahmed,200901,2
500902,Sagar Jain,200902,2
500903,Kavita Ali,200903,2
500904,Lakshmi Arora,200904,2
500905,Aidan Joshi,200905,2
500906,Rohit Nair,200906,2
500907,Kiara Dutta,200907,2
500908,Akshay Malhotra,200908,2
500909,Aparna Sastry,200909,2
500910,Shweta Chakraborty,200910,2
500911,Aryan Hussain,200911,2
500912,Garima Patel,200912,2
500913,Krishna Sharma,200913,2
500914,Aishwarya Chakraborty,200914,2
500915,Nikhil Agarwal,200915,2
500916,Bhavana Bansal,200916,2
500917,Rani Jain,200917,2
500918,Vishal Arora,200918,2
500919,Priya Ahmed,200919,2
500920,Anjali Ali,200920,2
500921,Dhruv Khan,200921,2
500922,Bhavana Ansari,200922,2
500923,Aanya Ansari,200923,2
500924,Gaurav Ghosh,200924,2
500925,Aryan Mittal,200925,2
500926,Rohit Yadav,200926,2
500927,Swati Reddy,200927,2
500928,Nikita Hussain,200928,2
500929,Dhruv Sharma,200929,2
500930,Anjali Ali,200930,2
500931,Advik Bansal,200931,2
500932,Ananya Pillai,200932,2
500933,Rahul Prasad,200933,2
500934,Shreyas Mehta,200934,2
500935,Meera Singh,200935,2
500936,Yash Prasad,200936,2
500937,Sagar Ahmed,200937,2
500938,Rohit Pillai,200938,2
500939,Rohan Mehta,200939,2
500940,Arjun Joshi,200940,2
500941,Nikhil Pandey,200941,2
500942,Divya Naidu,200942,2
500943,Gaurav Chowdhury,200943,2
500944,Aditi Aggarwal,200944,2
500945,Ankit Sharma,200945,2
500946,Rashmi Roy,200946,2
500947,Radha Pillai,200947,2
500948,Vidya Kumar,200948,2
500949,Sakshi Chandra,200949,2
500950,Radha Joshi,200950,2
500951,Garima Aggarwal,200951,2
500952,Simran Patel,200952,2
500953,Karan Ghosh,200953,2
500954,Aadhya Shah,200954,2
500955,Vikash Singh,200955,2
500956,Suresh Shah,200956,2
500957,Dhruv Sharma,200957,2
500958,Tanvi Mehta,200958,2
500959,Sagar Iyer,200959,2
500960,Seema Verma,200960,2
500961,Divya Pillai,200961,2
500962,Varun Agarwal,200962,2
500963,Deepak Sastry,200963,2
500964,Sakshi Patel,200964,2
500965,Vishal Sharma,200965,2
500966,Nikhil Khan,200966,2
500967,Sanjay Verma,200967,2
500968,Suresh Gupta,200968,2
500969,Sakshi Patel,200969,2
500970,Akash Ghosh,200970,2
500971,Nikhil Verma,200971,2
500972,Krishna Reddy,200972,2
500973,Sneha Tiwari,200973,2
500974,Rajesh Malhotra,200974,2
500975,Atul Arora,200975,2
500976,Advik Bhattacharya,200976,2
500977,Garima Yadav,200977,2
500978,Sakshi Pillai,200978,2
500979,Varsha Goel,200979,2
500980,Aanya Kapoor,200980,2
500981,Vikash Agarwal,200981,2
500982,Kavya Sastry,200982,2
500983,Yash Iyer,200983,2
500984,Sagar Goel,200984,2
500985,Rashmi Pillai,200985,2
500986,Amit Yadav,200986,2
500987,Tushar Aggarwal,200987,2
500988,Anuj Mukherjee,200988,2
500989,Aidan Singh,200989,2
500990,Rashmi Menon,200990,2
500991,Archana Tiwari,200991,2
500992,Aishwarya Chandra,200992,2
500993,Girish Kumar,200993,2
500994,Akash Das,200994,2
500995,Kavita Ghosh,200995,2
500996,Karan Gupta,200996,2
500997,Dinesh Varma,200997,2
500998,Urmila Aggarwal,200998,2
500999,Atul Bhattacharya,200999,2
501000,Uma Agarwal,201000,2
501001,Lakshmi Sastry,201001,2
501002,Manish Malhotra,201002,2
501003,Karan Prasad,201003,2
501004,Vishal Tiwari,201004,2
501005,Rashmi Sinha,201005,2
501006,Aishwarya Mehta,201006,2
501007,Devesh Ghosh,201007,2
501008,Manisha Shah,201008,2
501009,Rani Sinha,201009,2
501010,Archana Menon,201010,2
501011,Archana Bansal,201011,2
501012,Sidharth Joshi,201012,2
501013,Sidharth Mukherjee,201013,2
501014,Lakshmi Mehta,201014,2
501015,Girish Pandey,201015,2
501016,Garima Kapoor,201016,2
501017,Urmila Bhattacharya,201017,2
501018,Abhishek Das,201018,2
501019,Aman Khan,201019,2
501020,Divya Pillai,201020,2
501021,Advik Kapoor,201021,2
501022,Ananya Bose,201022,2
501023,Swati Chopra,201023,2
501024,Amit Menon,201024,2
501025,Ashish Sastry,201025,2
501026,Aditya Sastry,201026,2
501027,Archana Dutta,201027,2
501028,Harsh Reddy,201028,2
501029,Deepika Shah,201029,2
501030,Sagar Sharma,201030,2
501031,Kavita Bose,201031,2
501032,Aman Dutta,201032,2
501033,Madhuri Tiwari,201033,2
501034,Ashish Hussain,201034,2
501035,Sagar Yadav,201035,2
501036,Vinay Das,201036,2
501037,Sakshi Agarwal,201037,2
501038,Akash Sharma,201038,2
501039,Swati Gupta,201039,2
501040,Simran Pandey,201040,2
501041,Kavita Verma,201041,2
501042,Devesh Nair,201042,2
501043,Kunal Sinha,201043,2
501044,Anushka Hussain,201044,2
501045,Ashish Bose,201045,2
501046,Manisha Chandra,201046,2
501047,Divya Sinha,201047,2
501048,Tanvi Bose,201048,2
501049,Sanjay Ahmed,201049,2
501050,Urmila Sastry,201050,2
501051,Kavita Rao,201051,2
501052,Kartik Gupta,201052,2
501053,Kritika Khan,201053,2
501054,Karan Verma,201054,2
501055,Asha Yadav,201055,2
501056,Aditi Roy,201056,2
501057,Avinash Roy,201057,2
501058,Manisha Chowdhury,201058,2
501059,Nikhil Ahmed,201059,2
501060,Priya Patel,201060,2
501061,Urmila Sastry,201061,2
501062,Garima Joshi,201062,2
501063,Yash Menon,201063,2
501064,Vidya Nair,201064,2
501065,Swati Aggarwal,201065,2
501066,Vidya Pillai,201066,2
501067,Kartik Das,201067,2
501068,Deepika Kumar,201068,2
501069,Aadhya Bansal,201069,2
501070,Archana Nair,201070,2
501071,Ashish Yadav,201071,2
501072,Aditya Menon,201072,2
501073,Swati Dutta,201073,2
501074,Aarav Bose,201074,2
501075,Kartik Dutta,201075,2
501076,Swati Chowdhury,201076,2
501077,Abhishek Gupta,201077,2
501078,Bhavana Goel,201078,2
501079,Simran Bansal,201079,2
501080,Varsha Bhattacharya,201080,2
501081,Rohit Sharma,201081,2
501082,Amit Tiwari,201082,2
501083,Dhruv Shah,201083,2
501084,Pradeep Sastry,201084,2
501085,Dhruv Khan,201085,2
501086,Archana Mehta,201086,2
501087,Shreyas Ahmed,201087,2
501088,Aadhya Mishra,201088,2
501089,Harsh Gupta,201089,2
501090,Pooja Sen,201090,2
501091,Rajesh Mishra,201091,2
501092,Ashish Reddy,201092,2
501093,Seema Tiwari,201093,2
501094,Deepika Goel,201094,2
501095,Abhishek Patel,201095,2
501096,Pooja Varma,201096,2
501097,Devesh Chowdhury,201097,2
501098,Meera Sharma,201098,2
501099,Rashmi Kumar,201099,2
501100,Seema Ali,201100,2
501101,Ritu Kumar,201101,2
501102,Anuj Goel,201102,2
501103,Varun Dutta,201103,2
501104,Rajesh Ghosh,201104,2
501105,Anand Mittal,201105,2
501106,Sagar Mittal,201106,2
501107,Sunita Patel,201107,2
501108,Manish Prasad,201108,2
501109,Rajesh Rao,201109,2
501110,Madhuri Dutta,201110,2
501111,Vidya Sastry,201111,2
501112,Anuj Chandra,201112,2
501113,Nisha Prasad,201113,2
501114,Nikita Bose,201114,2
501115,Uma Tiwari,201115,2
501116,Manish Mishra,201116,2
501117,Pooja Sastry,201117,2
501118,Ankit Shah,201118,2
501119,Deepak Sinha,201119,2
501120,Akash Naidu,201120,2
501121,Radha Aggarwal,201121,2
501122,Nisha Gupta,201122,2
501123,Asha Kumar,201123,2
501124,Anushka Pillai,201124,2
501125,Gaurav Sinha,201125,2
501126,Kiara Menon,201126,2
501127,Lakshmi Menon,201127,2
501128,Anand Bose,201128,2
501129,Pooja Reddy,201129,2
501130,Raj Roy,201130,2
501131,Akash Sharma,201131,2
501132,Bhavana Tiwari,201132,2
501133,Garima Singh,201133,2
501134,Rani Nair,201134,2
501135,Ritu Sen,201135,2
501136,Riya Roy,201136,2
501137,Ananya Pandey,201137,2
501138,Madhuri Chopra,201138,2
501139,Kunal Pandey,201139,2
501140,Radha Roy,201140,2
501141,Prachi Dutta,201141,2
501142,Vinay Das,201142,2
501143,Shweta Pandey,201143,2
501144,Devesh Bose,201144,2
501145,Rohit Jain,201145,2
501146,Rahul Goel,201146,2
501147,Rani Jain,201147,2
501148,Hemant Menon,201148,2
501149,Nisha Joshi,201149,2
501150,Anand Iyer,201150,2
501151,Varsha Sinha,201151,2
501152,Kritika Singh,201152,2
501153,Anuj Naidu,201153,2
501154,Divya Malhotra,201154,2
501155,Avinash Bansal,201155,2
501156,Garima Hussain,201156,2
501157,Riya Mukherjee,201157,2
501158,Nikita Iyer,201158,2
501159,Girish Pandey,201159,2
501160,Raj Sharma,201160,2
501161,Amit Malhotra,201161,2
501162,Pallavi Patel,201162,2
501163,Rahul Bose,201163,2
501164,Swati Chakraborty,201164,2
501165,Ananya Agarwal,201165,2
501166,Anand Mukherjee,201166,2
501167,Simran Khan,201167,2
501168,Tanvi Jain,201168,2
501169,Amit Malhotra,201169,2
501170,Sakshi Agarwal,201170,2
501171,Sakshi Jain,201171,2
501172,Madhuri Chopra,201172,2
501173,Anjali Bansal,201173,2
501174,Ashish Singh,201174,2
501175,Tushar Goel,201175,2
501176,Dinesh Hussain,201176,2
501177,Prachi Mehta,201177,2
501178,Priya Chowdhury,201178,2
501179,Seema Dutta,201179,2
501180,Sanjay Sen,201180,2
501181,Aishwarya Chopra,201181,2
501182,Madhuri Bose,201182,2
501183,Kunal Jain,201183,2
501184,Akshay Sen,201184,2
501185,Suresh Pandey,201185,2
501186,Radha Hussain,201186,2
501187,Ananya Gupta,201187,2
501188,Madhuri Tiwari,201188,2
501189,Neha Varma,201189,2
501190,Prachi Ali,201190,2
501191,Devesh Kumar,201191,2
501192,Arjun Arora,201192,2
501193,Atul Das,201193,2
501194,Shweta Dutta,201194,2
501195,Manisha Prasad,201195,2
501196,Sagar Das,201196,2
501197,Seema Kapoor,201197,2
501198,Akshay Joshi,201198,2
501199,Sidharth Chopra,201199,2
501200,Devesh Sen,201200,2
501201,Manisha Chopra,201201,2
501202,Shreyas Yadav,201202,2
501203,Ajay Dutta,201203,2
501204,Aman Sinha,201204,2
501205,Lakshmi Gupta,201205,2
501206,Prachi Khan,201206,2
501207,Aidan Nair,201207,2
501208,Manish Ahmed,201208,2
501209,Kartik Prasad,201209,2
501210,Nikhil Mehta,201210,2
501211,Aadhya Gupta,201211,2
501212,Suresh Kumar,201212,2
501213,Sakshi Mukherjee,201213,2
501214,Sonal Kumar,201214,2
501215,Priya Malhotra,201215,2
501216,Madhuri Goel,201216,2
501217,Madhuri Goel,201217,2
501218,Ananya Dutta,201218,2
501219,Varun Reddy,201219,2
501220,Shreyas Sinha,201220,2
501221,Sagar Khan,201221,2
501222,Aarav Varma,201222,2
501223,Lakshmi Varma,201223,2
501224,Aryan Dutta,201224,2
501225,Sonal Bose,201225,2
501226,Swati Ali,201226,2
501227,Vidya Bhattacharya,201227,2
501228,Urmila Chakraborty,201228,2
501229,Girish Chowdhury,201229,2
501230,Kunal Pandey,201230,2
501231,Urmila Chowdhury,201231,2
501232,Shreyas Patel,201232,2
501233,Sakshi Naidu,201233,2
501234,Karan Nair,201234,2
501235,Aidan Verma,201235,2
501236,Pallavi Goel,201236,2
501237,Kartik Jain,201237,2
501238,Vikash Varma,201238,2
501239,Vishal Das,201239,2
501240,Tushar Aggarwal,201240,2
501241,Vinay Patel,201241,2
501242,Ankit Varma,201242,2
501243,Aanya Iyer,201243,2
501244,Vinay Kapoor,201244,2
501245,Tushar Bose,201245,2
501246,Atul Bhattacharya,201246,2
501247,Ashish Bansal,201247,2
501248,Aidan Shah,201248,2
501249,Avinash Mehta,201249,2
501250,Aarav Sharma,201250,2
501251,Anuj Chakraborty,201251,2
501252,Shreya Pillai,201252,2
501253,Asha Gupta,201253,2
501254,Suresh Rao,201254,2
501255,Pallavi Nair,201255,2
501256,Aarav Sen,201256,2
501257,Krishna Arora,201257,2
501258,Rani Verma,201258,2
501259,Ananya Ahmed,201259,2
501260,Vikash Joshi,201260,2
501261,Aparna Aggarwal,201261,2
501262,Vishal Bose,201262,2
501263,Shreyas Mittal,201263,2
501264,Seema Ansari,201264,2
501265,Devesh Pandey,201265,2
501266,Rekha Chandra,201266,2
501267,Manisha Patel,201267,2
501268,Aarav Arora,201268,2
501269,Sanjay Hussain,201269,2
501270,Garima Agarwal,201270,2
501271,Meera Mishra,201271,2
501272,Sakshi Kumar,201272,2
501273,Aanya Chowdhury,201273,2
501274,Rohit Pillai,201274,2
501275,Riya Mittal,201275,2
501276,Aman Agarwal,201276,2
501277,Radha Tiwari,201277,2
501278,Atul Verma,201278,2
501279,Krishna Agarwal,201279,2
501280,Swati Pandey,201280,2
501281,Rajesh Prasad,201281,2
501282,Shweta Prasad,201282,2
501283,Aditi Chakraborty,201283,2
501284,Rahul Ansari,201284,2
501285,Rohit Menon,201285,2
501286,Krishna Sen,201286,2
501287,Raj Dutta,201287,2
501288,Divya Nair,201288,2
501289,Aadhya Chakraborty,201289,2
501290,Varun Pillai,201290,2
501291,Shreyas Chakraborty,201291,2
501292,Vidya Kumar,201292,2
501293,Aanya Reddy,201293,2
501294,Garima Reddy,201294,2
501295,Anjali Bhattacharya,201295,2
501296,Rani Sharma,201296,2
501297,Arjun Sharma,201297,2
501298,Arjun Pillai,201298,2
501299,Shreya Rao,201299,2
501300,Raj Agarwal,201300,2
501301,Anushka Sen,201301,2
501302,Girish Bhattacharya,201302,2
501303,Bhavana Kumar,201303,2
501304,Radha Mishra,201304,2
501305,Asha Ghosh,201305,2
501306,Shreya Joshi,201306,2
501307,Akshay Ali,201307,2
501308,Sidharth Joshi,201308,2
501309,Varsha Malhotra,201309,2
501310,Anand Dutta,201310,2
501311,Kartik Verma,201311,2
501312,Bhavana Pillai,201312,2
501313,Garima Chopra,201313,2
501314,Yash Mukherjee,201314,2
501315,Sonal Chandra,201315,2
501316,Sagar Singh,201316,2
501317,Preeti Ahmed,201317,2
501318,Meera Jain,201318,2
501319,Vikash Yadav,201319,2
501320,Radha Roy,201320,2
501321,Manish Pillai,201321,2
501322,Aarav Bhattacharya,201322,2
501323,Arjun Reddy,201323,2
501324,Aadhya Khan,201324,2
501325,Deepak Singh,201325,2
501326,Aditya Iyer,201326,2
501327,Atul Mishra,201327,2
501328,Meera Singh,201328,2
501329,Divya Kapoor,201329,2
501330,Kartik Mukherjee,201330,2
501331,Suresh Chopra,201331,2
501332,Preeti Mittal,201332,2
501333,Akash Verma,201333,2
501334,Sunita Varma,201334,2
501335,Ashish Chowdhury,201335,2
501336,Pallavi Das,201336,2
501337,Amit Jain,201337,2
501338,Anjali Nair,201338,2
501339,Aadhya Mukherjee,201339,2
501340,Akash Yadav,201340,2
501341,Amit Shah,201341,2
501342,Aadhya Prasad,201342,2
501343,Sanjay Patel,201343,2
501344,Manish Malhotra,201344,2
501345,Anushka Ali,201345,2
501346,Dinesh Reddy,201346,2
501347,Sagar Singh,201347,2
501348,Devesh Gupta,201348,2
501349,Sanjay Kumar,201349,2
501350,Urmila Pandey,201350,2
501351,Aarav Mukherjee,201351,2
501352,Nisha Varma,201352,2
501353,Suresh Bhattacharya,201353,2
501354,Tanvi Khan,201354,2
501355,Nisha Joshi,201355,2
501356,Ajay Bansal,201356,2
501357,Rekha Chandra,201357,2
501358,Rohan Yadav,201358,2
501359,Yash Goel,201359,2
501360,Simran Ansari,201360,2
501361,Rohan Ahmed,201361,2
501362,Abhishek Ahmed,201362,2
501363,Shreyas Arora,201363,2
501364,Swati Verma,201364,2
501365,Hemant Ahmed,201365,2
501366,Aidan Goel,201366,2
501367,Aditi Bansal,201367,2
501368,Shweta Sen,201368,2
501369,Kritika Naidu,201369,2
501370,Aman Ghosh,201370,2
501371,Kiara Ahmed,201371,2
501372,Sakshi Goel,201372,2
501373,Nikhil Bansal,201373,2
501374,Sunita Singh,201374,2
501375,Meera Dutta,201375,2
501376,Aditi Ali,201376,2
501377,Sakshi Arora,201377,2
501378,Atul Goel,201378,2
501379,Swati Bose,201379,2
501380,Vikash Tiwari,201380,2
501381,Manish Mehta,201381,2
501382,Aishwarya Tiwari,201382,2
501383,Bhavana Dutta,201383,2
501384,Nikhil Mishra,201384,2
501385,Sagar Das,201385,2
501386,Pallavi Singh,201386,2
501387,Radha Das,201387,2
501388,Priya Verma,201388,2
501389,Rashmi Chopra,201389,2
501390,Vinay Malhotra,201390,2
501391,Yash Gupta,201391,2
501392,Shweta Pandey,201392,2
501393,Aidan Roy,201393,2
501394,Preeti Sharma,201394,2
501395,Gaurav Patel,201395,2
501396,Anand Ghosh,201396,2
501397,Archana Sinha,201397,2
501398,Aryan Mishra,201398,2
501399,Pallavi Das,201399,2
501400,Ananya Naidu,201400,2
501401,Ashish Rao,201401,2
501402,Rajesh Khan,201402,2
501403,Kritika Pandey,201403,2
501404,Nisha Verma,201404,2
501405,Aarav Verma,201405,2
501406,Avinash Das,201406,2
501407,Uma Yadav,201407,2
501408,Aarav Chopra,201408,2
501409,Seema Chowdhury,201409,2
501410,Amit Pandey,201410,2
501411,Nikhil Kapoor,201411,2
501412,Pradeep Varma,201412,2
501413,Sakshi Rao,201413,2
501414,Aditi Das,201414,2
501415,Aditi Roy,201415,2
501416,Girish Das,201416,2
501417,Arjun Ghosh,201417,2
501418,Pradeep Khan,201418,2
501419,Aparna Sharma,201419,2
501420,Akshay Hussain,201420,2
501421,Akash Agarwal,201421,2
501422,Neha Naidu,201422,2
501423,Kunal Ansari,201423,2
501424,Dhruv Chowdhury,201424,2
501425,Aarav Mittal,201425,2
501426,Bhavana Gupta,201426,2
501427,Rohit Gupta,201427,2
501428,Anjali Kumar,201428,2
501429,Aishwarya Prasad,201429,2
501430,Gaurav Varma,201430,2
501431,Vidya Prasad,201431,2
501432,Varun Yadav,201432,2
501433,Seema Hussain,201433,2
501434,Rahul Naidu,201434,2
501435,Deepika Gupta,201435,2
501436,Rani Kumar,201436,2
501437,Akash Menon,201437,2
501438,Uma Bhattacharya,201438,2
501439,Ajay Sharma,201439,2
501440,Uma Pillai,201440,2
501441,Aman Dutta,201441,2
501442,Pallavi Das,201442,2
501443,Madhuri Gupta,201443,2
501444,Shreyas Bose,201444,2
501445,Nisha Naidu,201445,2
501446,Atul Kapoor,201446,2
501447,Vinay Joshi,201447,2
501448,Urmila Chowdhury,201448,2
501449,Kritika Sharma,201449,2
501450,Rajesh Roy,201450,2
501451,Rani Hussain,201451,2
501452,Nikhil Pandey,201452,2
501453,Dhruv Chopra,201453,2
501454,Aadhya Kumar,201454,2
501455,Kiara Nair,201455,2
501456,Madhuri Jain,201456,2
501457,Garima Joshi,201457,2
501458,Sanjay Dutta,201458,2
501459,Garima Chandra,201459,2
501460,Aditya Malhotra,201460,2
501461,Gaurav Mehta,201461,2
501462,Prachi Patel,201462,2
501463,Aarav Ali,201463,2
501464,Vinay Gupta,201464,2
501465,Manisha Gupta,201465,2
501466,Lakshmi Agarwal,201466,2
501467,Sonal Goel,201467,2
501468,Aarav Bansal,201468,2
501469,Amit Nair,201469,2
501470,Sakshi Mehta,201470,2
501471,Abhishek Agarwal,201471,2
501472,Manisha Mishra,201472,2
501473,Prachi Hussain,201473,2
501474,Pooja Bhattacharya,201474,2
501475,Amit Chopra,201475,2
501476,Nikita Chopra,201476,2
501477,Aditi Mehta,201477,2
501478,Rohan Sastry,201478,2
501479,Aarav Chowdhury,201479,2
501480,Sanjay Reddy,201480,2
501481,Sunita Malhotra,201481,2
501482,Karan Ghosh,201482,2
501483,Aanya Chowdhury,201483,2
501484,Aarav Das,201484,2
501485,Amit Yadav,201485,2
501486,Gaurav Khan,201486,2
501487,Avinash Arora,201487,2
501488,Nisha Chopra,201488,2
501489,Ajay Sinha,201489,2
501490,Aman Yadav,201490,2
501491,Tushar Bhattacharya,201491,2
501492,Preeti Agarwal,201492,2
501493,Uma Patel,201493,2
501494,Archana Ansari,201494,2
501495,Suresh Pillai,201495,2
501496,Varun Reddy,201496,2
501497,Tanvi Sen,201497,2
501498,Deepak Chandra,201498,2
501499,Uma Ali,201499,2
501500,Nisha Mukherjee,201500,2
501501,Atul Chowdhury,201501,2
501502,Raj Sen,201502,2
501503,Atul Singh,201503,2
501504,Lakshmi Mukherjee,201504,2
501505,Aman Sen,201505,2
501506,Varsha Bansal,201506,2
501507,Garima Bose,201507,2
501508,Prachi Tiwari,201508,2
501509,Akshay Patel,201509,2
501510,Ashish Ahmed,201510,2
501511,Divya Agarwal,201511,2
501512,Avinash Sen,201512,2
501513,Abhishek Joshi,201513,2
501514,Aditya Mehta,201514,2
501515,Akshay Bansal,201515,2
501516,Karan Verma,201516,2
501517,Meera Roy,201517,2
501518,Aparna Kapoor,201518,2
501519,Dinesh Chakraborty,201519,2
501520,Aman Menon,201520,2
501521,Uma Sinha,201521,2
501522,Anuj Agarwal,201522,2
501523,Dinesh Rao,201523,2
501524,Arjun Gupta,201524,2
501525,Akash Mittal,201525,2
501526,Gaurav Jain,201526,2
501527,Atul Das,201527,2
501528,Priya Jain,201528,2
501529,Harsh Reddy,201529,2
501530,Aidan Ansari,201530,2
501531,Suresh Verma,201531,2
501532,Prachi Singh,201532,2
501533,Madhuri Iyer,201533,2
501534,Aarav Naidu,201534,2
501535,Pradeep Khan,201535,2
501536,Sagar Ghosh,201536,2
501537,Priya Iyer,201537,2
501538,Abhishek Dutta,201538,2
501539,Arjun Ansari,201539,2
501540,Ankur Sharma,201540,2
501541,Yash Verma,201541,2
501542,Manisha Naidu,201542,2
501543,Shreyas Tiwari,201543,2
501544,Varsha Gupta,201544,2
501545,Vishal Ali,201545,2
501546,Ankit Sharma,201546,2
501547,Lakshmi Ali,201547,2
501548,Anjali Prasad,201548,2
501549,Rashmi Chopra,201549,2
501550,Vinay Verma,201550,2
501551,Ankit Menon,201551,2
501552,Aadhya Bose,201552,2
501553,Rahul Iyer,201553,2
501554,Rekha Iyer,201554,2
501555,Seema Gupta,201555,2
501556,Kritika Chowdhury,201556,2
501557,Deepika Verma,201557,2
501558,Radha Reddy,201558,2
501559,Kunal Chandra,201559,2
501560,Shweta Hussain,201560,2
501561,Nikita Varma,201561,2
501562,Sagar Pillai,201562,2
501563,Kavya Naidu,201563,2
501564,Varsha Ansari,201564,2
501565,Atul Mehta,201565,2
501566,Priya Agarwal,201566,2
501567,Aparna Sinha,201567,2
501568,Divya Ghosh,201568,2
501569,Arjun Chopra,201569,2
501570,Bhavana Pillai,201570,2
501571,Amit Joshi,201571,2
501572,Karan Kapoor,201572,2
501573,Kavita Jain,201573,2
501574,Aparna Sen,201574,2
501575,Meera Naidu,201575,2
501576,Anand Naidu,201576,2
501577,Varun Ali,201577,2
501578,Varsha Naidu,201578,2
501579,Dinesh Prasad,201579,2
501580,Deepika Rao,201580,2
501581,Deepak Tiwari,201581,2
501582,Akshay Sinha,201582,2
501583,Madhuri Mehta,201583,2
501584,Vikash Mishra,201584,2
501585,Arjun Ahmed,201585,2
501586,Shreya Malhotra,201586,2
501587,Kavita Singh,201587,2
501588,Swati Aggarwal,201588,2
501589,Harsh Goel,201589,2
501590,Aidan Chowdhury,201590,2
501591,Aman Verma,201591,2
501592,Kavita Chakraborty,201592,2
501593,Rashmi Sharma,201593,2
501594,Preeti Mittal,201594,2
501595,Shreya Ansari,201595,2
501596,Nisha Bhattacharya,201596,2
501597,Sneha Mishra,201597,2
501598,Rashmi Chandra,201598,2
501599,Preeti Ansari,201599,2
501600,Kavya Reddy,201600,2
501601,Rohit Reddy,201601,2
501602,Meera Iyer,201602,2
501603,Preeti Sinha,201603,2
501604,Anjali Pillai,201604,2
501605,Kartik Jain,201605,2
501606,Avinash Mishra,201606,2
501607,Radha Sharma,201607,2
501608,Vinay Mishra,201608,2
501609,Sonal Verma,201609,2
501610,Garima Hussain,201610,2
501611,Varsha Bansal,201611,2
501612,Radha Bhattacharya,201612,2
501613,Rashmi Tiwari,201613,2
501614,Garima Shah,201614,2
501615,Aarav Ghosh,201615,2
501616,Bhavana Aggarwal,201616,2
501617,Shweta Khan,201617,2
501618,Kartik Malhotra,201618,2
501619,Asha Joshi,201619,2
501620,Akshay Goel,201620,2
501621,Harsh Chopra,201621,2
501622,Asha Tiwari,201622,2
501623,Nikita Kapoor,201623,2
501624,Sagar Bhattacharya,201624,2
501625,Kritika Sastry,201625,2
501626,Kritika Patel,201626,2
501627,Advik Dutta,201627,2
501628,Sidharth Chakraborty,201628,2
501629,Divya Bansal,201629,2
501630,Amit Reddy,201630,2
501631,Anushka Sen,201631,2
501632,Pooja Chopra,201632,2
501633,Rahul Sastry,201633,2
501634,Ritu Malhotra,201634,2
501635,Sonal Ghosh,201635,2
501636,Meera Naidu,201636,2
501637,Ananya Shah,201637,2
501638,Kavya Varma,201638,2
501639,Ajay Naidu,201639,2
501640,Anuj Chakraborty,201640,2
501641,Prachi Ali,201641,2
501642,Gaurav Das,201642,2
501643,Sakshi Jain,201643,2
501644,Rashmi Naidu,201644,2
501645,Rekha Arora,201645,2
501646,Sanjay Agarwal,201646,2
501647,Kartik Singh,201647,2
501648,Girish Rao,201648,2
501649,Deepika Das,201649,2
501650,Advik Reddy,201650,2
501651,Aparna Chakraborty,201651,2
501652,Aidan Sharma,201652,2
501653,Shreyas Naidu,201653,2
501654,Deepak Jain,201654,2
501655,Kunal Malhotra,201655,2
501656,Shreya Sastry,201656,2
501657,Ankit Pillai,201657,2
501658,Yash Tiwari,201658,2
501659,Vinay Chowdhury,201659,2
501660,Hemant Kapoor,201660,2
501661,Sunita Rao,201661,2
501662,Sidharth Chopra,201662,2
501663,Devesh Shah,201663,2
501664,Raj Prasad,201664,2
501665,Priya Khan,201665,2
501666,Tushar Ansari,201666,2
501667,Garima Ahmed,201667,2
501668,Yash Varma,201668,2
501669,Vinay Ahmed,201669,2
501670,Lakshmi Yadav,201670,2
501671,Deepak Reddy,201671,2
501672,Kavita Naidu,201672,2
501673,Harsh Bansal,201673,2
501674,Aryan Rao,201674,2
501675,Kritika Chowdhury,201675,2
501676,Tushar Sinha,201676,2
501677,Aarav Joshi,201677,2
501678,Simran Chowdhury,201678,2
501679,Pradeep Mehta,201679,2
501680,Gaurav Pillai,201680,2
501681,Anushka Bose,201681,2
501682,Aditi Mukherjee,201682,2
501683,Anushka Singh,201683,2
501684,Aditi Bose,201684,2
501685,Raj Sinha,201685,2
501686,Asha Hussain,201686,2
501687,Devesh Nair,201687,2
501688,Anand Agarwal,201688,2
501689,Asha Bansal,201689,2
501690,Archana Yadav,201690,2
501691,Vikash Naidu,201691,2
501692,Atul Verma,201692,2
501693,Kavita Rao,201693,2
501694,Pallavi Hussain,201694,2
501695,Swati Goel,201695,2
501696,Simran Arora,201696,2
501697,Sakshi Hussain,201697,2
501698,Bhavana Bansal,201698,2
501699,Dhruv Chowdhury,201699,2
501700,Aryan Chopra,201700,2
501701,Aditya Patel,201701,2
501702,Madhuri Bansal,201702,2
501703,Tanvi Sastry,201703,2
501704,Atul Sastry,201704,2
501705,Avinash Ahmed,201705,2
501706,Rashmi Singh,201706,2
501707,Garima Prasad,201707,2
501708,Kiara Reddy,201708,2
501709,Raj Aggarwal,201709,2
501710,Lakshmi Kumar,201710,2
501711,Varun Singh,201711,2
501712,Rashmi Naidu,201712,2
501713,Meera Patel,201713,2
501714,Aarav Roy,201714,2
501715,Kritika Sen,201715,2
501716,Shweta Shah,201716,2
501717,Deepika Agarwal,201717,2
501718,Gaurav Ansari,201718,2
501719,Garima Iyer,201719,2
501720,Suresh Joshi,201720,2
501721,Kritika Bhattacharya,201721,2
501722,Kavita Reddy,201722,2
501723,Anjali Pandey,201723,2
501724,Simran Gupta,201724,2
501725,Pooja Goel,201725,2
501726,Avinash Rao,201726,2
501727,Rahul Verma,201727,2
501728,Preeti Mittal,201728,2
501729,Aman Bhattacharya,201729,2
501730,Prachi Pillai,201730,2
501731,Aanya Bhattacharya,201731,2
501732,Vinay Ahmed,201732,2
501733,Urmila Kapoor,201733,2
501734,Sakshi Sen,201734,2
501735,Priya Malhotra,201735,2
501736,Shreyas Agarwal,201736,2
501737,Advik Goel,201737,2
501738,Rohit Chopra,201738,2
501739,Aman Prasad,201739,2
501740,Archana Jain,201740,2
501741,Aryan Tiwari,201741,2
501742,Devesh Bhattacharya,201742,2
501743,Girish Khan,201743,2
501744,Vidya Iyer,201744,2
501745,Swati Bhattacharya,201745,2
501746,Rashmi Gupta,201746,2
501747,Kiara Kumar,201747,2
501748,Rohit Roy,201748,2
501749,Kritika Verma,201749,2
501750,Arjun Das,201750,2
501751,Manisha Hussain,201751,2
501752,Sanjay Mishra,201752,2
501753,Aparna Dutta,201753,2
501754,Priya Aggarwal,201754,2
501755,Aditya Naidu,201755,2
501756,Kavya Shah,201756,2
501757,Aditya Ansari,201757,2
501758,Prachi Tiwari,201758,2
501759,Advik Bose,201759,2
501760,Garima Mehta,201760,2
501761,Aryan Gupta,201761,2
501762,Ankit Chandra,201762,2
501763,Pradeep Sharma,201763,2
501764,Sneha Nair,201764,2
501765,Neha Bhattacharya,201765,2
501766,Neha Mukherjee,201766,2
501767,Atul Singh,201767,2
501768,Arjun Menon,201768,2
501769,Rashmi Tiwari,201769,2
501770,Swati Sastry,201770,2
501771,Sneha Iyer,201771,2
501772,Uma Das,201772,2
501773,Nikita Verma,201773,2
501774,Kavya Nair,201774,2
501775,Riya Chowdhury,201775,2
501776,Karan Mishra,201776,2
501777,Advik Menon,201777,2
501778,Pradeep Pandey,201778,2
501779,Shreyas Arora,201779,2
501780,Vishal Ali,201780,2
501781,Meera Bhattacharya,201781,2
501782,Vidya Malhotra,201782,2
501783,Sakshi Verma,201783,2
501784,Aditya Bhattacharya,201784,2
501785,Bhavana Bhattacharya,201785,2
501786,Kritika Pandey,201786,2
501787,Akash Chowdhury,201787,2
501788,Urmila Ghosh,201788,2
501789,Avinash Reddy,201789,2
501790,Asha Chopra,201790,2
501791,Sanjay Menon,201791,2
501792,Rohit Tiwari,201792,2
501793,Amit Pandey,201793,2
501794,Sunita Prasad,201794,2
501795,Vidya Iyer,201795,2
501796,Neha Menon,201796,2
501797,Lakshmi Tiwari,201797,2
501798,Seema Goel,201798,2
501799,Ritu Mehta,201799,2
501800,Pallavi Goel,201800,2
501801,Kunal Prasad,201801,2
501802,Rajesh Bhattacharya,201802,2
501803,Girish Sinha,201803,2
501804,Atul Goel,201804,2
501805,Urmila Das,201805,2
501806,Kritika Bhattacharya,201806,2
501807,Rekha Goel,201807,2
501808,Tushar Hussain,201808,2
501809,Aryan Mehta,201809,2
501810,Vishal Mishra,201810,2
501811,Bhavana Sinha,201811,2
501812,Preeti Kapoor,201812,2
501813,Archana Aggarwal,201813,2
501814,Anand Agarwal,201814,2
501815,Bhavana Singh,201815,2
501816,Ankit Mukherjee,201816,2
501817,Shreyas Pandey,201817,2
501818,Sunita Yadav,201818,2
501819,Krishna Rao,201819,2
501820,Radha Mishra,201820,2
501821,Urmila Jain,201821,2
501822,Aidan Aggarwal,201822,2
501823,Aidan Tiwari,201823,2
501824,Uma Pillai,201824,2
501825,Rani Kumar,201825,2
501826,Deepak Prasad,201826,2
501827,Vinay Singh,201827,2
501828,Aryan Ali,201828,2
501829,Archana Jain,201829,2
501830,Dhruv Ahmed,201830,2
501831,Prachi Iyer,201831,2
501832,Sunita Khan,201832,2
501833,Kavya Mishra,201833,2
501834,Aishwarya Naidu,201834,2
501835,Aadhya Sen,201835,2
501836,Anushka Bhattacharya,201836,2
501837,Aman Goel,201837,2
501838,Tanvi Tiwari,201838,2
501839,Karan Chowdhury,201839,2
501840,Rashmi Nair,201840,2
501841,Amit Kumar,201841,2
501842,Varun Sen,201842,2
501843,Ananya Kapoor,201843,2
501844,Garima Arora,201844,2
501845,Divya Sastry,201845,2
501846,Aidan Aggarwal,201846,2
501847,Kunal Ghosh,201847,2
501848,Garima Goel,201848,2
501849,Kiara Varma,201849,2
501850,Advik Tiwari,201850,2
501851,Akshay Das,201851,2
501852,Sonal Ali,201852,2
501853,Swati Sharma,201853,2
501854,Vikash Varma,201854,2
501855,Pallavi Khan,201855,2
501856,Vinay Mittal,201856,2
501857,Seema Chandra,201857,2
501858,Aryan Varma,201858,2
501859,Ajay Sastry,201859,2
501860,Sakshi Joshi,201860,2
501861,Sanjay Goel,201861,2
501862,Aidan Tiwari,201862,2
501863,Manish Singh,201863,2
501864,Gaurav Dutta,201864,2
501865,Ananya Chopra,201865,2
501866,Vikash Prasad,201866,2
501867,Riya Iyer,201867,2
501868,Garima Das,201868,2
501869,Preeti Hussain,201869,2
501870,Devesh Arora,201870,2
501871,Tushar Bansal,201871,2
501872,Aarav Jain,201872,2
501873,Arjun Mishra,201873,2
501874,Uma Patel,201874,2
501875,Dhruv Agarwal,201875,2
501876,Advik Mehta,201876,2
501877,Karan Menon,201877,2
501878,Sakshi Kumar,201878,2
501879,Akshay Pillai,201879,2
501880,Radha Agarwal,201880,2
501881,Riya Bansal,201881,2
501882,Vidya Prasad,201882,2
501883,Seema Pandey,201883,2
501884,Dinesh Singh,201884,2
501885,Kartik Varma,201885,2
501886,Kiara Singh,201886,2
501887,Avinash Mehta,201887,2
501888,Sneha Chopra,201888,2
501889,Advik Kapoor,201889,2
501890,Pallavi Jain,201890,2
501891,Arjun Dutta,201891,2
501892,Shreya Kumar,201892,2
501893,Amit Ghosh,201893,2
501894,Ashish Sastry,201894,2
501895,Krishna Singh,201895,2
501896,Ananya Das,201896,2
501897,Madhuri Sastry,201897,2
501898,Preeti Ansari,201898,2
501899,Shreyas Varma,201899,2
501900,Pooja Goel,201900,2
501901,Archana Prasad,201901,2
501902,Karan Singh,201902,2
501903,Radha Rao,201903,2
501904,Varun Das,201904,2
501905,Ankur Mukherjee,201905,2
501906,Nikhil Bose,201906,2
501907,Avinash Bansal,201907,2
501908,Varsha Gupta,201908,2
501909,Rani Iyer,201909,2
501910,Pallavi Goel,201910,2
501911,Harsh Roy,201911,2
501912,Aditya Arora,201912,2
501913,Uma Ansari,201913,2
501914,Avinash Patel,201914,2
501915,Amit Verma,201915,2
501916,Ankit Chakraborty,201916,2
501917,Sonal Gupta,201917,2
501918,Anuj Yadav,201918,2
501919,Ritu Prasad,201919,2
501920,Akshay Kumar,201920,2
501921,Ananya Roy,201921,2
501922,Nisha Gupta,201922,2
501923,Yash Bansal,201923,2
501924,Archana Chandra,201924,2
501925,Nisha Yadav,201925,2
501926,Yash Pandey,201926,2
501927,Sidharth Patel,201927,2
501928,Avinash Bansal,201928,2
501929,Rani Ali,201929,2
501930,Lakshmi Mehta,201930,2
501931,Garima Chopra,201931,2
501932,Rahul Joshi,201932,2
501933,Aryan Shah,201933,2
501934,Garima Nair,201934,2
501935,Manisha Goel,201935,2
501936,Kavya Arora,201936,2
501937,Anuj Dutta,201937,2
501938,Devesh Joshi,201938,2
501939,Nikita Das,201939,2
501940,Kunal Bose,201940,2
501941,Sonal Sinha,201941,2
501942,Aadhya Mittal,201942,2
501943,Aanya Chopra,201943,2
501944,Rahul Prasad,201944,2
501945,Shweta Bose,201945,2
501946,Anjali Prasad,201946,2
501947,Kavya Naidu,201947,2
501948,Sneha Goel,201948,2
501949,Rajesh Pillai,201949,2
501950,Ashish Sinha,201950,2
501951,Rekha Mehta,201951,2
501952,Garima Das,201952,2
501953,Simran Pandey,201953,2
501954,Ashish Yadav,201954,2
501955,Advik Menon,201955,2
501956,Rajesh Yadav,201956,2
501957,Aryan Sinha,201957,2
501958,Advik Varma,201958,2
501959,Uma Ahmed,201959,2
501960,Aryan Chandra,201960,2
501961,Asha Kumar,201961,2
501962,Shweta Menon,201962,2
501963,Aidan Bansal,201963,2
501964,Pooja Hussain,201964,2
501965,Kritika Pillai,201965,2
501966,Sanjay Sastry,201966,2
501967,Ajay Menon,201967,2
501968,Abhishek Ahmed,201968,2
501969,Kavita Hussain,201969,2
501970,Aidan Pillai,201970,2
501971,Anjali Mishra,201971,2
501972,Vidya Bose,201972,2
501973,Ajay Sastry,201973,2
501974,Archana Arora,201974,2
501975,Deepak Patel,201975,2
501976,Ajay Dutta,201976,2
501977,Aidan Mittal,201977,2
501978,Atul Chopra,201978,2
501979,Ajay Verma,201979,2
501980,Aryan Patel,201980,2
501981,Aman Reddy,201981,2
501982,Sonal Sastry,201982,2
501983,Atul Reddy,201983,2
501984,Rohit Dutta,201984,2
501985,Swati Roy,201985,2
501986,Nikita Agarwal,201986,2
501987,Girish Chandra,201987,2
501988,Tushar Pandey,201988,2
501989,Tanvi Dutta,201989,2
501990,Raj Tiwari,201990,2
501991,Seema Jain,201991,2
501992,Aidan Nair,201992,2
501993,Vinay Bose,201993,2
501994,Sakshi Rao,201994,2
501995,Lakshmi Pandey,201995,2
501996,Shweta Ali,201996,2
501997,Aishwarya Iyer,201997,2
501998,Rashmi Ali,201998,2
501999,Shweta Ali,201999,2
502000,Yash Pillai,202000,2
